connectivity_metric,label_a,label_b,subject_a,subject_b,session_a,session_b,state_a,state_b,pair_class,pair_label,same_subject,comparison_metric,comparison_kind,higher_is_more_similar,raw_score,oriented_score
mutual_information_ksg,sub-pd004_ses-1,sub-pd004_ses-2,sub-pd004,sub-pd004,1,2,off,on,between_condition,off-on,True,laplacian_spectral_distance_signed,graph_distance,False,0.13275665929261313,-0.13275665929261313
mutual_information_ksg,sub-pd004_ses-1,sub-pd007_ses-1,sub-pd004,sub-pd007,1,1,off,off,within_condition,off-off,False,laplacian_spectral_distance_signed,graph_distance,False,0.14885819846661866,-0.14885819846661866
mutual_information_ksg,sub-pd004_ses-1,sub-pd007_ses-2,sub-pd004,sub-pd007,1,2,off,on,between_condition,off-on,False,laplacian_spectral_distance_signed,graph_distance,False,0.2087026470310926,-0.2087026470310926
mutual_information_ksg,sub-pd004_ses-1,sub-pd009_ses-1,sub-pd004,sub-pd009,1,1,off,off,within_condition,off-off,False,laplacian_spectral_distance_signed,graph_distance,False,0.2270471324370293,-0.2270471324370293
mutual_information_ksg,sub-pd004_ses-1,sub-pd009_ses-2,sub-pd004,sub-pd009,1,2,off,on,between_condition,off-on,False,laplacian_spectral_distance_signed,graph_distance,False,0.20834069670491143,-0.20834069670491143
mutual_information_ksg,sub-pd004_ses-1,sub-pd010_ses-1,sub-pd004,sub-pd010,1,1,off,off,within_condition,off-off,False,laplacian_spectral_distance_signed,graph_distance,False,0.20280745717310703,-0.20280745717310703
mutual_information_ksg,sub-pd004_ses-1,sub-pd010_ses-2,sub-pd004,sub-pd010,1,2,off,on,between_condition,off-on,False,laplacian_spectral_distance_signed,graph_distance,False,0.19007429274373036,-0.19007429274373036
mutual_information_ksg,sub-pd004_ses-1,sub-pd011_ses-1,sub-pd004,sub-pd011,1,1,off,off,within_condition,off-off,False,laplacian_spectral_distance_signed,graph_distance,False,0.19821615310164126,-0.19821615310164126
mutual_information_ksg,sub-pd004_ses-1,sub-pd011_ses-2,sub-pd004,sub-pd011,1,2,off,on,between_condition,off-on,False,laplacian_spectral_distance_signed,graph_distance,False,0.2658373937227906,-0.2658373937227906
mutual_information_ksg,sub-pd004_ses-1,sub-pd012_ses-1,sub-pd004,sub-pd012,1,1,off,off,within_condition,off-off,False,laplacian_spectral_distance_signed,graph_distance,False,0.17551651051242448,-0.17551651051242448
mutual_information_ksg,sub-pd004_ses-1,sub-pd012_ses-2,sub-pd004,sub-pd012,1,2,off,on,between_condition,off-on,False,laplacian_spectral_distance_signed,graph_distance,False,0.2359113631757915,-0.2359113631757915
mutual_information_ksg,sub-pd004_ses-1,sub-pd013_ses-1,sub-pd004,sub-pd013,1,1,off,off,within_condition,off-off,False,laplacian_spectral_distance_signed,graph_distance,False,0.22672873505495247,-0.22672873505495247
mutual_information_ksg,sub-pd004_ses-1,sub-pd013_ses-2,sub-pd004,sub-pd013,1,2,off,on,between_condition,off-on,False,laplacian_spectral_distance_signed,graph_distance,False,0.21019701736950952,-0.21019701736950952
mutual_information_ksg,sub-pd004_ses-1,sub-pd014_ses-1,sub-pd004,sub-pd014,1,1,off,off,within_condition,off-off,False,laplacian_spectral_distance_signed,graph_distance,False,0.12820388361609142,-0.12820388361609142
mutual_information_ksg,sub-pd004_ses-1,sub-pd014_ses-2,sub-pd004,sub-pd014,1,2,off,on,between_condition,off-on,False,laplacian_spectral_distance_signed,graph_distance,False,0.1658190179397662,-0.1658190179397662
mutual_information_ksg,sub-pd004_ses-1,sub-pd015_ses-1,sub-pd004,sub-pd015,1,1,off,off,within_condition,off-off,False,laplacian_spectral_distance_signed,graph_distance,False,0.22370402017849064,-0.22370402017849064
mutual_information_ksg,sub-pd004_ses-1,sub-pd015_ses-2,sub-pd004,sub-pd015,1,2,off,on,between_condition,off-on,False,laplacian_spectral_distance_signed,graph_distance,False,0.2199537944812196,-0.2199537944812196
mutual_information_ksg,sub-pd004_ses-1,sub-pd018_ses-1,sub-pd004,sub-pd018,1,1,off,off,within_condition,off-off,False,laplacian_spectral_distance_signed,graph_distance,False,0.1999118856431508,-0.1999118856431508
mutual_information_ksg,sub-pd004_ses-1,sub-pd018_ses-2,sub-pd004,sub-pd018,1,2,off,on,between_condition,off-on,False,laplacian_spectral_distance_signed,graph_distance,False,0.17150921244108985,-0.17150921244108985
mutual_information_ksg,sub-pd004_ses-1,sub-pd020_ses-1,sub-pd004,sub-pd020,1,1,off,off,within_condition,off-off,False,laplacian_spectral_distance_signed,graph_distance,False,0.16318482618143063,-0.16318482618143063
mutual_information_ksg,sub-pd004_ses-1,sub-pd020_ses-2,sub-pd004,sub-pd020,1,2,off,on,between_condition,off-on,False,laplacian_spectral_distance_signed,graph_distance,False,0.24105222186045314,-0.24105222186045314
mutual_information_ksg,sub-pd004_ses-1,sub-pd023_ses-1,sub-pd004,sub-pd023,1,1,off,off,within_condition,off-off,False,laplacian_spectral_distance_signed,graph_distance,False,0.17795436147155771,-0.17795436147155771
mutual_information_ksg,sub-pd004_ses-1,sub-pd023_ses-2,sub-pd004,sub-pd023,1,2,off,on,between_condition,off-on,False,laplacian_spectral_distance_signed,graph_distance,False,0.1660126075219543,-0.1660126075219543
mutual_information_ksg,sub-pd004_ses-1,sub-pd024_ses-1,sub-pd004,sub-pd024,1,1,off,off,within_condition,off-off,False,laplacian_spectral_distance_signed,graph_distance,False,0.1691584280002818,-0.1691584280002818
mutual_information_ksg,sub-pd004_ses-1,sub-pd024_ses-2,sub-pd004,sub-pd024,1,2,off,on,between_condition,off-on,False,laplacian_spectral_distance_signed,graph_distance,False,0.1857366554883931,-0.1857366554883931
mutual_information_ksg,sub-pd004_ses-1,sub-pd028_ses-1,sub-pd004,sub-pd028,1,1,off,off,within_condition,off-off,False,laplacian_spectral_distance_signed,graph_distance,False,0.36807958432815613,-0.36807958432815613
mutual_information_ksg,sub-pd004_ses-1,sub-pd028_ses-2,sub-pd004,sub-pd028,1,2,off,on,between_condition,off-on,False,laplacian_spectral_distance_signed,graph_distance,False,0.2311817218989768,-0.2311817218989768
mutual_information_ksg,sub-pd004_ses-2,sub-pd007_ses-1,sub-pd004,sub-pd007,2,1,on,off,between_condition,off-on,False,laplacian_spectral_distance_signed,graph_distance,False,0.17269978505491154,-0.17269978505491154
mutual_information_ksg,sub-pd004_ses-2,sub-pd007_ses-2,sub-pd004,sub-pd007,2,2,on,on,within_condition,on-on,False,laplacian_spectral_distance_signed,graph_distance,False,0.18139449837931013,-0.18139449837931013
mutual_information_ksg,sub-pd004_ses-2,sub-pd009_ses-1,sub-pd004,sub-pd009,2,1,on,off,between_condition,off-on,False,laplacian_spectral_distance_signed,graph_distance,False,0.22007490578527644,-0.22007490578527644
mutual_information_ksg,sub-pd004_ses-2,sub-pd009_ses-2,sub-pd004,sub-pd009,2,2,on,on,within_condition,on-on,False,laplacian_spectral_distance_signed,graph_distance,False,0.1797715378889395,-0.1797715378889395
mutual_information_ksg,sub-pd004_ses-2,sub-pd010_ses-1,sub-pd004,sub-pd010,2,1,on,off,between_condition,off-on,False,laplacian_spectral_distance_signed,graph_distance,False,0.2111776773554015,-0.2111776773554015
mutual_information_ksg,sub-pd004_ses-2,sub-pd010_ses-2,sub-pd004,sub-pd010,2,2,on,on,within_condition,on-on,False,laplacian_spectral_distance_signed,graph_distance,False,0.16491104381379998,-0.16491104381379998
mutual_information_ksg,sub-pd004_ses-2,sub-pd011_ses-1,sub-pd004,sub-pd011,2,1,on,off,between_condition,off-on,False,laplacian_spectral_distance_signed,graph_distance,False,0.1779848630557448,-0.1779848630557448
mutual_information_ksg,sub-pd004_ses-2,sub-pd011_ses-2,sub-pd004,sub-pd011,2,2,on,on,within_condition,on-on,False,laplacian_spectral_distance_signed,graph_distance,False,0.24536215044673354,-0.24536215044673354
mutual_information_ksg,sub-pd004_ses-2,sub-pd012_ses-1,sub-pd004,sub-pd012,2,1,on,off,between_condition,off-on,False,laplacian_spectral_distance_signed,graph_distance,False,0.18327181137849052,-0.18327181137849052
mutual_information_ksg,sub-pd004_ses-2,sub-pd012_ses-2,sub-pd004,sub-pd012,2,2,on,on,within_condition,on-on,False,laplacian_spectral_distance_signed,graph_distance,False,0.21877416287798582,-0.21877416287798582
mutual_information_ksg,sub-pd004_ses-2,sub-pd013_ses-1,sub-pd004,sub-pd013,2,1,on,off,between_condition,off-on,False,laplacian_spectral_distance_signed,graph_distance,False,0.23214636330499056,-0.23214636330499056
mutual_information_ksg,sub-pd004_ses-2,sub-pd013_ses-2,sub-pd004,sub-pd013,2,2,on,on,within_condition,on-on,False,laplacian_spectral_distance_signed,graph_distance,False,0.19213669856201013,-0.19213669856201013
mutual_information_ksg,sub-pd004_ses-2,sub-pd014_ses-1,sub-pd004,sub-pd014,2,1,on,off,between_condition,off-on,False,laplacian_spectral_distance_signed,graph_distance,False,0.13416059119806573,-0.13416059119806573
mutual_information_ksg,sub-pd004_ses-2,sub-pd014_ses-2,sub-pd004,sub-pd014,2,2,on,on,within_condition,on-on,False,laplacian_spectral_distance_signed,graph_distance,False,0.15949728375977548,-0.15949728375977548
mutual_information_ksg,sub-pd004_ses-2,sub-pd015_ses-1,sub-pd004,sub-pd015,2,1,on,off,between_condition,off-on,False,laplacian_spectral_distance_signed,graph_distance,False,0.21095942590830788,-0.21095942590830788
mutual_information_ksg,sub-pd004_ses-2,sub-pd015_ses-2,sub-pd004,sub-pd015,2,2,on,on,within_condition,on-on,False,laplacian_spectral_distance_signed,graph_distance,False,0.2195305446210792,-0.2195305446210792
mutual_information_ksg,sub-pd004_ses-2,sub-pd018_ses-1,sub-pd004,sub-pd018,2,1,on,off,between_condition,off-on,False,laplacian_spectral_distance_signed,graph_distance,False,0.20296118986031386,-0.20296118986031386
mutual_information_ksg,sub-pd004_ses-2,sub-pd018_ses-2,sub-pd004,sub-pd018,2,2,on,on,within_condition,on-on,False,laplacian_spectral_distance_signed,graph_distance,False,0.17239643600362428,-0.17239643600362428
mutual_information_ksg,sub-pd004_ses-2,sub-pd020_ses-1,sub-pd004,sub-pd020,2,1,on,off,between_condition,off-on,False,laplacian_spectral_distance_signed,graph_distance,False,0.17625690599912042,-0.17625690599912042
mutual_information_ksg,sub-pd004_ses-2,sub-pd020_ses-2,sub-pd004,sub-pd020,2,2,on,on,within_condition,on-on,False,laplacian_spectral_distance_signed,graph_distance,False,0.2056299544966615,-0.2056299544966615
mutual_information_ksg,sub-pd004_ses-2,sub-pd023_ses-1,sub-pd004,sub-pd023,2,1,on,off,between_condition,off-on,False,laplacian_spectral_distance_signed,graph_distance,False,0.1869480706559925,-0.1869480706559925
mutual_information_ksg,sub-pd004_ses-2,sub-pd023_ses-2,sub-pd004,sub-pd023,2,2,on,on,within_condition,on-on,False,laplacian_spectral_distance_signed,graph_distance,False,0.16835522312375786,-0.16835522312375786
mutual_information_ksg,sub-pd004_ses-2,sub-pd024_ses-1,sub-pd004,sub-pd024,2,1,on,off,between_condition,off-on,False,laplacian_spectral_distance_signed,graph_distance,False,0.18426897454937535,-0.18426897454937535
mutual_information_ksg,sub-pd004_ses-2,sub-pd024_ses-2,sub-pd004,sub-pd024,2,2,on,on,within_condition,on-on,False,laplacian_spectral_distance_signed,graph_distance,False,0.19810697160053656,-0.19810697160053656
mutual_information_ksg,sub-pd004_ses-2,sub-pd028_ses-1,sub-pd004,sub-pd028,2,1,on,off,between_condition,off-on,False,laplacian_spectral_distance_signed,graph_distance,False,0.3371523267628872,-0.3371523267628872
mutual_information_ksg,sub-pd004_ses-2,sub-pd028_ses-2,sub-pd004,sub-pd028,2,2,on,on,within_condition,on-on,False,laplacian_spectral_distance_signed,graph_distance,False,0.23245879115058105,-0.23245879115058105
mutual_information_ksg,sub-pd007_ses-1,sub-pd007_ses-2,sub-pd007,sub-pd007,1,2,off,on,between_condition,off-on,True,laplacian_spectral_distance_signed,graph_distance,False,0.21458467778366486,-0.21458467778366486
mutual_information_ksg,sub-pd007_ses-1,sub-pd009_ses-1,sub-pd007,sub-pd009,1,1,off,off,within_condition,off-off,False,laplacian_spectral_distance_signed,graph_distance,False,0.21778332914210724,-0.21778332914210724
mutual_information_ksg,sub-pd007_ses-1,sub-pd009_ses-2,sub-pd007,sub-pd009,1,2,off,on,between_condition,off-on,False,laplacian_spectral_distance_signed,graph_distance,False,0.21937065512090703,-0.21937065512090703
mutual_information_ksg,sub-pd007_ses-1,sub-pd010_ses-1,sub-pd007,sub-pd010,1,1,off,off,within_condition,off-off,False,laplacian_spectral_distance_signed,graph_distance,False,0.1601835670476057,-0.1601835670476057
mutual_information_ksg,sub-pd007_ses-1,sub-pd010_ses-2,sub-pd007,sub-pd010,1,2,off,on,between_condition,off-on,False,laplacian_spectral_distance_signed,graph_distance,False,0.20467004061605965,-0.20467004061605965
mutual_information_ksg,sub-pd007_ses-1,sub-pd011_ses-1,sub-pd007,sub-pd011,1,1,off,off,within_condition,off-off,False,laplacian_spectral_distance_signed,graph_distance,False,0.24105133324789463,-0.24105133324789463
mutual_information_ksg,sub-pd007_ses-1,sub-pd011_ses-2,sub-pd007,sub-pd011,1,2,off,on,between_condition,off-on,False,laplacian_spectral_distance_signed,graph_distance,False,0.23790980026318867,-0.23790980026318867
mutual_information_ksg,sub-pd007_ses-1,sub-pd012_ses-1,sub-pd007,sub-pd012,1,1,off,off,within_condition,off-off,False,laplacian_spectral_distance_signed,graph_distance,False,0.15547059578884706,-0.15547059578884706
mutual_information_ksg,sub-pd007_ses-1,sub-pd012_ses-2,sub-pd007,sub-pd012,1,2,off,on,between_condition,off-on,False,laplacian_spectral_distance_signed,graph_distance,False,0.23338127293573663,-0.23338127293573663
mutual_information_ksg,sub-pd007_ses-1,sub-pd013_ses-1,sub-pd007,sub-pd013,1,1,off,off,within_condition,off-off,False,laplacian_spectral_distance_signed,graph_distance,False,0.1985501300790407,-0.1985501300790407
mutual_information_ksg,sub-pd007_ses-1,sub-pd013_ses-2,sub-pd007,sub-pd013,1,2,off,on,between_condition,off-on,False,laplacian_spectral_distance_signed,graph_distance,False,0.22166137652652435,-0.22166137652652435
mutual_information_ksg,sub-pd007_ses-1,sub-pd014_ses-1,sub-pd007,sub-pd014,1,1,off,off,within_condition,off-off,False,laplacian_spectral_distance_signed,graph_distance,False,0.1541436136582868,-0.1541436136582868
mutual_information_ksg,sub-pd007_ses-1,sub-pd014_ses-2,sub-pd007,sub-pd014,1,2,off,on,between_condition,off-on,False,laplacian_spectral_distance_signed,graph_distance,False,0.14731465392279636,-0.14731465392279636
mutual_information_ksg,sub-pd007_ses-1,sub-pd015_ses-1,sub-pd007,sub-pd015,1,1,off,off,within_condition,off-off,False,laplacian_spectral_distance_signed,graph_distance,False,0.18305444529568154,-0.18305444529568154
mutual_information_ksg,sub-pd007_ses-1,sub-pd015_ses-2,sub-pd007,sub-pd015,1,2,off,on,between_condition,off-on,False,laplacian_spectral_distance_signed,graph_distance,False,0.18116868503400713,-0.18116868503400713
mutual_information_ksg,sub-pd007_ses-1,sub-pd018_ses-1,sub-pd007,sub-pd018,1,1,off,off,within_condition,off-off,False,laplacian_spectral_distance_signed,graph_distance,False,0.20839486754174463,-0.20839486754174463
mutual_information_ksg,sub-pd007_ses-1,sub-pd018_ses-2,sub-pd007,sub-pd018,1,2,off,on,between_condition,off-on,False,laplacian_spectral_distance_signed,graph_distance,False,0.17049797479140916,-0.17049797479140916
mutual_information_ksg,sub-pd007_ses-1,sub-pd020_ses-1,sub-pd007,sub-pd020,1,1,off,off,within_condition,off-off,False,laplacian_spectral_distance_signed,graph_distance,False,0.13466687952753906,-0.13466687952753906
mutual_information_ksg,sub-pd007_ses-1,sub-pd020_ses-2,sub-pd007,sub-pd020,1,2,off,on,between_condition,off-on,False,laplacian_spectral_distance_signed,graph_distance,False,0.24568300007052404,-0.24568300007052404
mutual_information_ksg,sub-pd007_ses-1,sub-pd023_ses-1,sub-pd007,sub-pd023,1,1,off,off,within_condition,off-off,False,laplacian_spectral_distance_signed,graph_distance,False,0.20930938845959454,-0.20930938845959454
mutual_information_ksg,sub-pd007_ses-1,sub-pd023_ses-2,sub-pd007,sub-pd023,1,2,off,on,between_condition,off-on,False,laplacian_spectral_distance_signed,graph_distance,False,0.17319764900819873,-0.17319764900819873
mutual_information_ksg,sub-pd007_ses-1,sub-pd024_ses-1,sub-pd007,sub-pd024,1,1,off,off,within_condition,off-off,False,laplacian_spectral_distance_signed,graph_distance,False,0.1239836028860279,-0.1239836028860279
mutual_information_ksg,sub-pd007_ses-1,sub-pd024_ses-2,sub-pd007,sub-pd024,1,2,off,on,between_condition,off-on,False,laplacian_spectral_distance_signed,graph_distance,False,0.12461778528573843,-0.12461778528573843
mutual_information_ksg,sub-pd007_ses-1,sub-pd028_ses-1,sub-pd007,sub-pd028,1,1,off,off,within_condition,off-off,False,laplacian_spectral_distance_signed,graph_distance,False,0.33585130247008216,-0.33585130247008216
mutual_information_ksg,sub-pd007_ses-1,sub-pd028_ses-2,sub-pd007,sub-pd028,1,2,off,on,between_condition,off-on,False,laplacian_spectral_distance_signed,graph_distance,False,0.21933834506129704,-0.21933834506129704
mutual_information_ksg,sub-pd007_ses-2,sub-pd009_ses-1,sub-pd007,sub-pd009,2,1,on,off,between_condition,off-on,False,laplacian_spectral_distance_signed,graph_distance,False,0.18783689024845332,-0.18783689024845332
mutual_information_ksg,sub-pd007_ses-2,sub-pd009_ses-2,sub-pd007,sub-pd009,2,2,on,on,within_condition,on-on,False,laplacian_spectral_distance_signed,graph_distance,False,0.2307842152677427,-0.2307842152677427
mutual_information_ksg,sub-pd007_ses-2,sub-pd010_ses-1,sub-pd007,sub-pd010,2,1,on,off,between_condition,off-on,False,laplacian_spectral_distance_signed,graph_distance,False,0.24697445444370497,-0.24697445444370497
mutual_information_ksg,sub-pd007_ses-2,sub-pd010_ses-2,sub-pd007,sub-pd010,2,2,on,on,within_condition,on-on,False,laplacian_spectral_distance_signed,graph_distance,False,0.2447736755739893,-0.2447736755739893
mutual_information_ksg,sub-pd007_ses-2,sub-pd011_ses-1,sub-pd007,sub-pd011,2,1,on,off,between_condition,off-on,False,laplacian_spectral_distance_signed,graph_distance,False,0.2355310795611667,-0.2355310795611667
mutual_information_ksg,sub-pd007_ses-2,sub-pd011_ses-2,sub-pd007,sub-pd011,2,2,on,on,within_condition,on-on,False,laplacian_spectral_distance_signed,graph_distance,False,0.21885422290454903,-0.21885422290454903
mutual_information_ksg,sub-pd007_ses-2,sub-pd012_ses-1,sub-pd007,sub-pd012,2,1,on,off,between_condition,off-on,False,laplacian_spectral_distance_signed,graph_distance,False,0.2341580826967516,-0.2341580826967516
mutual_information_ksg,sub-pd007_ses-2,sub-pd012_ses-2,sub-pd007,sub-pd012,2,2,on,on,within_condition,on-on,False,laplacian_spectral_distance_signed,graph_distance,False,0.21770819576172634,-0.21770819576172634
mutual_information_ksg,sub-pd007_ses-2,sub-pd013_ses-1,sub-pd007,sub-pd013,2,1,on,off,between_condition,off-on,False,laplacian_spectral_distance_signed,graph_distance,False,0.24743557072297612,-0.24743557072297612
mutual_information_ksg,sub-pd007_ses-2,sub-pd013_ses-2,sub-pd007,sub-pd013,2,2,on,on,within_condition,on-on,False,laplacian_spectral_distance_signed,graph_distance,False,0.22996251695599076,-0.22996251695599076
mutual_information_ksg,sub-pd007_ses-2,sub-pd014_ses-1,sub-pd007,sub-pd014,2,1,on,off,between_condition,off-on,False,laplacian_spectral_distance_signed,graph_distance,False,0.18506707911942427,-0.18506707911942427
mutual_information_ksg,sub-pd007_ses-2,sub-pd014_ses-2,sub-pd007,sub-pd014,2,2,on,on,within_condition,on-on,False,laplacian_spectral_distance_signed,graph_distance,False,0.1876594372150754,-0.1876594372150754
mutual_information_ksg,sub-pd007_ses-2,sub-pd015_ses-1,sub-pd007,sub-pd015,2,1,on,off,between_condition,off-on,False,laplacian_spectral_distance_signed,graph_distance,False,0.23591357216120815,-0.23591357216120815
mutual_information_ksg,sub-pd007_ses-2,sub-pd015_ses-2,sub-pd007,sub-pd015,2,2,on,on,within_condition,on-on,False,laplacian_spectral_distance_signed,graph_distance,False,0.22791646109032623,-0.22791646109032623
mutual_information_ksg,sub-pd007_ses-2,sub-pd018_ses-1,sub-pd007,sub-pd018,2,1,on,off,between_condition,off-on,False,laplacian_spectral_distance_signed,graph_distance,False,0.21884093941441146,-0.21884093941441146
mutual_information_ksg,sub-pd007_ses-2,sub-pd018_ses-2,sub-pd007,sub-pd018,2,2,on,on,within_condition,on-on,False,laplacian_spectral_distance_signed,graph_distance,False,0.1744328816245527,-0.1744328816245527
mutual_information_ksg,sub-pd007_ses-2,sub-pd020_ses-1,sub-pd007,sub-pd020,2,1,on,off,between_condition,off-on,False,laplacian_spectral_distance_signed,graph_distance,False,0.23286761164881495,-0.23286761164881495
mutual_information_ksg,sub-pd007_ses-2,sub-pd020_ses-2,sub-pd007,sub-pd020,2,2,on,on,within_condition,on-on,False,laplacian_spectral_distance_signed,graph_distance,False,0.23745855330375465,-0.23745855330375465
mutual_information_ksg,sub-pd007_ses-2,sub-pd023_ses-1,sub-pd007,sub-pd023,2,1,on,off,between_condition,off-on,False,laplacian_spectral_distance_signed,graph_distance,False,0.2172005786278302,-0.2172005786278302
mutual_information_ksg,sub-pd007_ses-2,sub-pd023_ses-2,sub-pd007,sub-pd023,2,2,on,on,within_condition,on-on,False,laplacian_spectral_distance_signed,graph_distance,False,0.2281645007188364,-0.2281645007188364
mutual_information_ksg,sub-pd007_ses-2,sub-pd024_ses-1,sub-pd007,sub-pd024,2,1,on,off,between_condition,off-on,False,laplacian_spectral_distance_signed,graph_distance,False,0.2241238934872995,-0.2241238934872995
mutual_information_ksg,sub-pd007_ses-2,sub-pd024_ses-2,sub-pd007,sub-pd024,2,2,on,on,within_condition,on-on,False,laplacian_spectral_distance_signed,graph_distance,False,0.2359009075175504,-0.2359009075175504
mutual_information_ksg,sub-pd007_ses-2,sub-pd028_ses-1,sub-pd007,sub-pd028,2,1,on,off,between_condition,off-on,False,laplacian_spectral_distance_signed,graph_distance,False,0.31390707503003995,-0.31390707503003995
mutual_information_ksg,sub-pd007_ses-2,sub-pd028_ses-2,sub-pd007,sub-pd028,2,2,on,on,within_condition,on-on,False,laplacian_spectral_distance_signed,graph_distance,False,0.25307827626578205,-0.25307827626578205
mutual_information_ksg,sub-pd009_ses-1,sub-pd009_ses-2,sub-pd009,sub-pd009,1,2,off,on,between_condition,off-on,True,laplacian_spectral_distance_signed,graph_distance,False,0.23041743790852856,-0.23041743790852856
mutual_information_ksg,sub-pd009_ses-1,sub-pd010_ses-1,sub-pd009,sub-pd010,1,1,off,off,within_condition,off-off,False,laplacian_spectral_distance_signed,graph_distance,False,0.24914737253773273,-0.24914737253773273
mutual_information_ksg,sub-pd009_ses-1,sub-pd010_ses-2,sub-pd009,sub-pd010,1,2,off,on,between_condition,off-on,False,laplacian_spectral_distance_signed,graph_distance,False,0.2419273201485178,-0.2419273201485178
mutual_information_ksg,sub-pd009_ses-1,sub-pd011_ses-1,sub-pd009,sub-pd011,1,1,off,off,within_condition,off-off,False,laplacian_spectral_distance_signed,graph_distance,False,0.2866658739494565,-0.2866658739494565
mutual_information_ksg,sub-pd009_ses-1,sub-pd011_ses-2,sub-pd009,sub-pd011,1,2,off,on,between_condition,off-on,False,laplacian_spectral_distance_signed,graph_distance,False,0.20880878230902145,-0.20880878230902145
mutual_information_ksg,sub-pd009_ses-1,sub-pd012_ses-1,sub-pd009,sub-pd012,1,1,off,off,within_condition,off-off,False,laplacian_spectral_distance_signed,graph_distance,False,0.2326153700938535,-0.2326153700938535
mutual_information_ksg,sub-pd009_ses-1,sub-pd012_ses-2,sub-pd009,sub-pd012,1,2,off,on,between_condition,off-on,False,laplacian_spectral_distance_signed,graph_distance,False,0.22753020390864687,-0.22753020390864687
mutual_information_ksg,sub-pd009_ses-1,sub-pd013_ses-1,sub-pd009,sub-pd013,1,1,off,off,within_condition,off-off,False,laplacian_spectral_distance_signed,graph_distance,False,0.22868955922981954,-0.22868955922981954
mutual_information_ksg,sub-pd009_ses-1,sub-pd013_ses-2,sub-pd009,sub-pd013,1,2,off,on,between_condition,off-on,False,laplacian_spectral_distance_signed,graph_distance,False,0.18984290865565157,-0.18984290865565157
mutual_information_ksg,sub-pd009_ses-1,sub-pd014_ses-1,sub-pd009,sub-pd014,1,1,off,off,within_condition,off-off,False,laplacian_spectral_distance_signed,graph_distance,False,0.17943021775137843,-0.17943021775137843
mutual_information_ksg,sub-pd009_ses-1,sub-pd014_ses-2,sub-pd009,sub-pd014,1,2,off,on,between_condition,off-on,False,laplacian_spectral_distance_signed,graph_distance,False,0.18254744907908332,-0.18254744907908332
mutual_information_ksg,sub-pd009_ses-1,sub-pd015_ses-1,sub-pd009,sub-pd015,1,1,off,off,within_condition,off-off,False,laplacian_spectral_distance_signed,graph_distance,False,0.2263651426066913,-0.2263651426066913
mutual_information_ksg,sub-pd009_ses-1,sub-pd015_ses-2,sub-pd009,sub-pd015,1,2,off,on,between_condition,off-on,False,laplacian_spectral_distance_signed,graph_distance,False,0.20249311828560818,-0.20249311828560818
mutual_information_ksg,sub-pd009_ses-1,sub-pd018_ses-1,sub-pd009,sub-pd018,1,1,off,off,within_condition,off-off,False,laplacian_spectral_distance_signed,graph_distance,False,0.24270511006769319,-0.24270511006769319
mutual_information_ksg,sub-pd009_ses-1,sub-pd018_ses-2,sub-pd009,sub-pd018,1,2,off,on,between_condition,off-on,False,laplacian_spectral_distance_signed,graph_distance,False,0.17125592370773746,-0.17125592370773746
mutual_information_ksg,sub-pd009_ses-1,sub-pd020_ses-1,sub-pd009,sub-pd020,1,1,off,off,within_condition,off-off,False,laplacian_spectral_distance_signed,graph_distance,False,0.18796591445192093,-0.18796591445192093
mutual_information_ksg,sub-pd009_ses-1,sub-pd020_ses-2,sub-pd009,sub-pd020,1,2,off,on,between_condition,off-on,False,laplacian_spectral_distance_signed,graph_distance,False,0.29098354887779476,-0.29098354887779476
mutual_information_ksg,sub-pd009_ses-1,sub-pd023_ses-1,sub-pd009,sub-pd023,1,1,off,off,within_condition,off-off,False,laplacian_spectral_distance_signed,graph_distance,False,0.22759281082766097,-0.22759281082766097
mutual_information_ksg,sub-pd009_ses-1,sub-pd023_ses-2,sub-pd009,sub-pd023,1,2,off,on,between_condition,off-on,False,laplacian_spectral_distance_signed,graph_distance,False,0.2438196095492537,-0.2438196095492537
mutual_information_ksg,sub-pd009_ses-1,sub-pd024_ses-1,sub-pd009,sub-pd024,1,1,off,off,within_condition,off-off,False,laplacian_spectral_distance_signed,graph_distance,False,0.24754261770252065,-0.24754261770252065
mutual_information_ksg,sub-pd009_ses-1,sub-pd024_ses-2,sub-pd009,sub-pd024,1,2,off,on,between_condition,off-on,False,laplacian_spectral_distance_signed,graph_distance,False,0.23535192289682336,-0.23535192289682336
mutual_information_ksg,sub-pd009_ses-1,sub-pd028_ses-1,sub-pd009,sub-pd028,1,1,off,off,within_condition,off-off,False,laplacian_spectral_distance_signed,graph_distance,False,0.30247914519521635,-0.30247914519521635
mutual_information_ksg,sub-pd009_ses-1,sub-pd028_ses-2,sub-pd009,sub-pd028,1,2,off,on,between_condition,off-on,False,laplacian_spectral_distance_signed,graph_distance,False,0.2137247204633156,-0.2137247204633156
mutual_information_ksg,sub-pd009_ses-2,sub-pd010_ses-1,sub-pd009,sub-pd010,2,1,on,off,between_condition,off-on,False,laplacian_spectral_distance_signed,graph_distance,False,0.1725427081064464,-0.1725427081064464
mutual_information_ksg,sub-pd009_ses-2,sub-pd010_ses-2,sub-pd009,sub-pd010,2,2,on,on,within_condition,on-on,False,laplacian_spectral_distance_signed,graph_distance,False,0.11732585207488849,-0.11732585207488849
mutual_information_ksg,sub-pd009_ses-2,sub-pd011_ses-1,sub-pd009,sub-pd011,2,1,on,off,between_condition,off-on,False,laplacian_spectral_distance_signed,graph_distance,False,0.16988603590324244,-0.16988603590324244
mutual_information_ksg,sub-pd009_ses-2,sub-pd011_ses-2,sub-pd009,sub-pd011,2,2,on,on,within_condition,on-on,False,laplacian_spectral_distance_signed,graph_distance,False,0.20713291185477972,-0.20713291185477972
mutual_information_ksg,sub-pd009_ses-2,sub-pd012_ses-1,sub-pd009,sub-pd012,2,1,on,off,between_condition,off-on,False,laplacian_spectral_distance_signed,graph_distance,False,0.14985532748324923,-0.14985532748324923
mutual_information_ksg,sub-pd009_ses-2,sub-pd012_ses-2,sub-pd009,sub-pd012,2,2,on,on,within_condition,on-on,False,laplacian_spectral_distance_signed,graph_distance,False,0.19306646222663365,-0.19306646222663365
mutual_information_ksg,sub-pd009_ses-2,sub-pd013_ses-1,sub-pd009,sub-pd013,2,1,on,off,between_condition,off-on,False,laplacian_spectral_distance_signed,graph_distance,False,0.18039916505533485,-0.18039916505533485
mutual_information_ksg,sub-pd009_ses-2,sub-pd013_ses-2,sub-pd009,sub-pd013,2,2,on,on,within_condition,on-on,False,laplacian_spectral_distance_signed,graph_distance,False,0.12799251711587736,-0.12799251711587736
mutual_information_ksg,sub-pd009_ses-2,sub-pd014_ses-1,sub-pd009,sub-pd014,2,1,on,off,between_condition,off-on,False,laplacian_spectral_distance_signed,graph_distance,False,0.19879766457578713,-0.19879766457578713
mutual_information_ksg,sub-pd009_ses-2,sub-pd014_ses-2,sub-pd009,sub-pd014,2,2,on,on,within_condition,on-on,False,laplacian_spectral_distance_signed,graph_distance,False,0.1792723268170936,-0.1792723268170936
mutual_information_ksg,sub-pd009_ses-2,sub-pd015_ses-1,sub-pd009,sub-pd015,2,1,on,off,between_condition,off-on,False,laplacian_spectral_distance_signed,graph_distance,False,0.1333395503708959,-0.1333395503708959
mutual_information_ksg,sub-pd009_ses-2,sub-pd015_ses-2,sub-pd009,sub-pd015,2,2,on,on,within_condition,on-on,False,laplacian_spectral_distance_signed,graph_distance,False,0.25007875133527135,-0.25007875133527135
mutual_information_ksg,sub-pd009_ses-2,sub-pd018_ses-1,sub-pd009,sub-pd018,2,1,on,off,between_condition,off-on,False,laplacian_spectral_distance_signed,graph_distance,False,0.17232314802540047,-0.17232314802540047
mutual_information_ksg,sub-pd009_ses-2,sub-pd018_ses-2,sub-pd009,sub-pd018,2,2,on,on,within_condition,on-on,False,laplacian_spectral_distance_signed,graph_distance,False,0.175965789846585,-0.175965789846585
mutual_information_ksg,sub-pd009_ses-2,sub-pd020_ses-1,sub-pd009,sub-pd020,2,1,on,off,between_condition,off-on,False,laplacian_spectral_distance_signed,graph_distance,False,0.2087627020157924,-0.2087627020157924
mutual_information_ksg,sub-pd009_ses-2,sub-pd020_ses-2,sub-pd009,sub-pd020,2,2,on,on,within_condition,on-on,False,laplacian_spectral_distance_signed,graph_distance,False,0.18578786370512404,-0.18578786370512404
mutual_information_ksg,sub-pd009_ses-2,sub-pd023_ses-1,sub-pd009,sub-pd023,2,1,on,off,between_condition,off-on,False,laplacian_spectral_distance_signed,graph_distance,False,0.1789222630014154,-0.1789222630014154
mutual_information_ksg,sub-pd009_ses-2,sub-pd023_ses-2,sub-pd009,sub-pd023,2,2,on,on,within_condition,on-on,False,laplacian_spectral_distance_signed,graph_distance,False,0.1638892554135142,-0.1638892554135142
mutual_information_ksg,sub-pd009_ses-2,sub-pd024_ses-1,sub-pd009,sub-pd024,2,1,on,off,between_condition,off-on,False,laplacian_spectral_distance_signed,graph_distance,False,0.23502195661191316,-0.23502195661191316
mutual_information_ksg,sub-pd009_ses-2,sub-pd024_ses-2,sub-pd009,sub-pd024,2,2,on,on,within_condition,on-on,False,laplacian_spectral_distance_signed,graph_distance,False,0.1558013806289901,-0.1558013806289901
mutual_information_ksg,sub-pd009_ses-2,sub-pd028_ses-1,sub-pd009,sub-pd028,2,1,on,off,between_condition,off-on,False,laplacian_spectral_distance_signed,graph_distance,False,0.30181032870220564,-0.30181032870220564
mutual_information_ksg,sub-pd009_ses-2,sub-pd028_ses-2,sub-pd009,sub-pd028,2,2,on,on,within_condition,on-on,False,laplacian_spectral_distance_signed,graph_distance,False,0.14765461512148362,-0.14765461512148362
mutual_information_ksg,sub-pd010_ses-1,sub-pd010_ses-2,sub-pd010,sub-pd010,1,2,off,on,between_condition,off-on,True,laplacian_spectral_distance_signed,graph_distance,False,0.17090618740911506,-0.17090618740911506
mutual_information_ksg,sub-pd010_ses-1,sub-pd011_ses-1,sub-pd010,sub-pd011,1,1,off,off,within_condition,off-off,False,laplacian_spectral_distance_signed,graph_distance,False,0.22595182000161107,-0.22595182000161107
mutual_information_ksg,sub-pd010_ses-1,sub-pd011_ses-2,sub-pd010,sub-pd011,1,2,off,on,between_condition,off-on,False,laplacian_spectral_distance_signed,graph_distance,False,0.21471904367850655,-0.21471904367850655
mutual_information_ksg,sub-pd010_ses-1,sub-pd012_ses-1,sub-pd010,sub-pd012,1,1,off,off,within_condition,off-off,False,laplacian_spectral_distance_signed,graph_distance,False,0.17336567911447984,-0.17336567911447984
mutual_information_ksg,sub-pd010_ses-1,sub-pd012_ses-2,sub-pd010,sub-pd012,1,2,off,on,between_condition,off-on,False,laplacian_spectral_distance_signed,graph_distance,False,0.20454372741620797,-0.20454372741620797
mutual_information_ksg,sub-pd010_ses-1,sub-pd013_ses-1,sub-pd010,sub-pd013,1,1,off,off,within_condition,off-off,False,laplacian_spectral_distance_signed,graph_distance,False,0.1601159654958251,-0.1601159654958251
mutual_information_ksg,sub-pd010_ses-1,sub-pd013_ses-2,sub-pd010,sub-pd013,1,2,off,on,between_condition,off-on,False,laplacian_spectral_distance_signed,graph_distance,False,0.2021159966674063,-0.2021159966674063
mutual_information_ksg,sub-pd010_ses-1,sub-pd014_ses-1,sub-pd010,sub-pd014,1,1,off,off,within_condition,off-off,False,laplacian_spectral_distance_signed,graph_distance,False,0.2013276533463048,-0.2013276533463048
mutual_information_ksg,sub-pd010_ses-1,sub-pd014_ses-2,sub-pd010,sub-pd014,1,2,off,on,between_condition,off-on,False,laplacian_spectral_distance_signed,graph_distance,False,0.19620038955174957,-0.19620038955174957
mutual_information_ksg,sub-pd010_ses-1,sub-pd015_ses-1,sub-pd010,sub-pd015,1,1,off,off,within_condition,off-off,False,laplacian_spectral_distance_signed,graph_distance,False,0.11258623507282571,-0.11258623507282571
mutual_information_ksg,sub-pd010_ses-1,sub-pd015_ses-2,sub-pd010,sub-pd015,1,2,off,on,between_condition,off-on,False,laplacian_spectral_distance_signed,graph_distance,False,0.2224510615071997,-0.2224510615071997
mutual_information_ksg,sub-pd010_ses-1,sub-pd018_ses-1,sub-pd010,sub-pd018,1,1,off,off,within_condition,off-off,False,laplacian_spectral_distance_signed,graph_distance,False,0.17968666349566725,-0.17968666349566725
mutual_information_ksg,sub-pd010_ses-1,sub-pd018_ses-2,sub-pd010,sub-pd018,1,2,off,on,between_condition,off-on,False,laplacian_spectral_distance_signed,graph_distance,False,0.17883850769670093,-0.17883850769670093
mutual_information_ksg,sub-pd010_ses-1,sub-pd020_ses-1,sub-pd010,sub-pd020,1,1,off,off,within_condition,off-off,False,laplacian_spectral_distance_signed,graph_distance,False,0.17145375111950234,-0.17145375111950234
mutual_information_ksg,sub-pd010_ses-1,sub-pd020_ses-2,sub-pd010,sub-pd020,1,2,off,on,between_condition,off-on,False,laplacian_spectral_distance_signed,graph_distance,False,0.2029515036134457,-0.2029515036134457
mutual_information_ksg,sub-pd010_ses-1,sub-pd023_ses-1,sub-pd010,sub-pd023,1,1,off,off,within_condition,off-off,False,laplacian_spectral_distance_signed,graph_distance,False,0.1992024532270016,-0.1992024532270016
mutual_information_ksg,sub-pd010_ses-1,sub-pd023_ses-2,sub-pd010,sub-pd023,1,2,off,on,between_condition,off-on,False,laplacian_spectral_distance_signed,graph_distance,False,0.15182356123767676,-0.15182356123767676
mutual_information_ksg,sub-pd010_ses-1,sub-pd024_ses-1,sub-pd010,sub-pd024,1,1,off,off,within_condition,off-off,False,laplacian_spectral_distance_signed,graph_distance,False,0.17210630165761545,-0.17210630165761545
mutual_information_ksg,sub-pd010_ses-1,sub-pd024_ses-2,sub-pd010,sub-pd024,1,2,off,on,between_condition,off-on,False,laplacian_spectral_distance_signed,graph_distance,False,0.10744500432345827,-0.10744500432345827
mutual_information_ksg,sub-pd010_ses-1,sub-pd028_ses-1,sub-pd010,sub-pd028,1,1,off,off,within_condition,off-off,False,laplacian_spectral_distance_signed,graph_distance,False,0.3029992084434898,-0.3029992084434898
mutual_information_ksg,sub-pd010_ses-1,sub-pd028_ses-2,sub-pd010,sub-pd028,1,2,off,on,between_condition,off-on,False,laplacian_spectral_distance_signed,graph_distance,False,0.12843722930464715,-0.12843722930464715
mutual_information_ksg,sub-pd010_ses-2,sub-pd011_ses-1,sub-pd010,sub-pd011,2,1,on,off,between_condition,off-on,False,laplacian_spectral_distance_signed,graph_distance,False,0.19193449352423853,-0.19193449352423853
mutual_information_ksg,sub-pd010_ses-2,sub-pd011_ses-2,sub-pd010,sub-pd011,2,2,on,on,within_condition,on-on,False,laplacian_spectral_distance_signed,graph_distance,False,0.2362937030425652,-0.2362937030425652
mutual_information_ksg,sub-pd010_ses-2,sub-pd012_ses-1,sub-pd010,sub-pd012,2,1,on,off,between_condition,off-on,False,laplacian_spectral_distance_signed,graph_distance,False,0.1758868596464735,-0.1758868596464735
mutual_information_ksg,sub-pd010_ses-2,sub-pd012_ses-2,sub-pd010,sub-pd012,2,2,on,on,within_condition,on-on,False,laplacian_spectral_distance_signed,graph_distance,False,0.22912040094335157,-0.22912040094335157
mutual_information_ksg,sub-pd010_ses-2,sub-pd013_ses-1,sub-pd010,sub-pd013,2,1,on,off,between_condition,off-on,False,laplacian_spectral_distance_signed,graph_distance,False,0.20326505455547855,-0.20326505455547855
mutual_information_ksg,sub-pd010_ses-2,sub-pd013_ses-2,sub-pd010,sub-pd013,2,2,on,on,within_condition,on-on,False,laplacian_spectral_distance_signed,graph_distance,False,0.17186442607353627,-0.17186442607353627
mutual_information_ksg,sub-pd010_ses-2,sub-pd014_ses-1,sub-pd010,sub-pd014,2,1,on,off,between_condition,off-on,False,laplacian_spectral_distance_signed,graph_distance,False,0.1752705661731576,-0.1752705661731576
mutual_information_ksg,sub-pd010_ses-2,sub-pd014_ses-2,sub-pd010,sub-pd014,2,2,on,on,within_condition,on-on,False,laplacian_spectral_distance_signed,graph_distance,False,0.1815776096870551,-0.1815776096870551
mutual_information_ksg,sub-pd010_ses-2,sub-pd015_ses-1,sub-pd010,sub-pd015,2,1,on,off,between_condition,off-on,False,laplacian_spectral_distance_signed,graph_distance,False,0.14875423978249133,-0.14875423978249133
mutual_information_ksg,sub-pd010_ses-2,sub-pd015_ses-2,sub-pd010,sub-pd015,2,2,on,on,within_condition,on-on,False,laplacian_spectral_distance_signed,graph_distance,False,0.2422914027652095,-0.2422914027652095
mutual_information_ksg,sub-pd010_ses-2,sub-pd018_ses-1,sub-pd010,sub-pd018,2,1,on,off,between_condition,off-on,False,laplacian_spectral_distance_signed,graph_distance,False,0.19045738328673362,-0.19045738328673362
mutual_information_ksg,sub-pd010_ses-2,sub-pd018_ses-2,sub-pd010,sub-pd018,2,2,on,on,within_condition,on-on,False,laplacian_spectral_distance_signed,graph_distance,False,0.1921899631839748,-0.1921899631839748
mutual_information_ksg,sub-pd010_ses-2,sub-pd020_ses-1,sub-pd010,sub-pd020,2,1,on,off,between_condition,off-on,False,laplacian_spectral_distance_signed,graph_distance,False,0.19642993496526875,-0.19642993496526875
mutual_information_ksg,sub-pd010_ses-2,sub-pd020_ses-2,sub-pd010,sub-pd020,2,2,on,on,within_condition,on-on,False,laplacian_spectral_distance_signed,graph_distance,False,0.2091252663936353,-0.2091252663936353
mutual_information_ksg,sub-pd010_ses-2,sub-pd023_ses-1,sub-pd010,sub-pd023,2,1,on,off,between_condition,off-on,False,laplacian_spectral_distance_signed,graph_distance,False,0.19914357202575592,-0.19914357202575592
mutual_information_ksg,sub-pd010_ses-2,sub-pd023_ses-2,sub-pd010,sub-pd023,2,2,on,on,within_condition,on-on,False,laplacian_spectral_distance_signed,graph_distance,False,0.1641206185731874,-0.1641206185731874
mutual_information_ksg,sub-pd010_ses-2,sub-pd024_ses-1,sub-pd010,sub-pd024,2,1,on,off,between_condition,off-on,False,laplacian_spectral_distance_signed,graph_distance,False,0.2155631563141406,-0.2155631563141406
mutual_information_ksg,sub-pd010_ses-2,sub-pd024_ses-2,sub-pd010,sub-pd024,2,2,on,on,within_condition,on-on,False,laplacian_spectral_distance_signed,graph_distance,False,0.1717001410437806,-0.1717001410437806
mutual_information_ksg,sub-pd010_ses-2,sub-pd028_ses-1,sub-pd010,sub-pd028,2,1,on,off,between_condition,off-on,False,laplacian_spectral_distance_signed,graph_distance,False,0.3459484350695049,-0.3459484350695049
mutual_information_ksg,sub-pd010_ses-2,sub-pd028_ses-2,sub-pd010,sub-pd028,2,2,on,on,within_condition,on-on,False,laplacian_spectral_distance_signed,graph_distance,False,0.19280790952742333,-0.19280790952742333
mutual_information_ksg,sub-pd011_ses-1,sub-pd011_ses-2,sub-pd011,sub-pd011,1,2,off,on,between_condition,off-on,True,laplacian_spectral_distance_signed,graph_distance,False,0.2504290202165516,-0.2504290202165516
mutual_information_ksg,sub-pd011_ses-1,sub-pd012_ses-1,sub-pd011,sub-pd012,1,1,off,off,within_condition,off-off,False,laplacian_spectral_distance_signed,graph_distance,False,0.169912208394257,-0.169912208394257
mutual_information_ksg,sub-pd011_ses-1,sub-pd012_ses-2,sub-pd011,sub-pd012,1,2,off,on,between_condition,off-on,False,laplacian_spectral_distance_signed,graph_distance,False,0.2338762290511537,-0.2338762290511537
mutual_information_ksg,sub-pd011_ses-1,sub-pd013_ses-1,sub-pd011,sub-pd013,1,1,off,off,within_condition,off-off,False,laplacian_spectral_distance_signed,graph_distance,False,0.21751705273326832,-0.21751705273326832
mutual_information_ksg,sub-pd011_ses-1,sub-pd013_ses-2,sub-pd011,sub-pd013,1,2,off,on,between_condition,off-on,False,laplacian_spectral_distance_signed,graph_distance,False,0.20782601569500586,-0.20782601569500586
mutual_information_ksg,sub-pd011_ses-1,sub-pd014_ses-1,sub-pd011,sub-pd014,1,1,off,off,within_condition,off-off,False,laplacian_spectral_distance_signed,graph_distance,False,0.21249256323853719,-0.21249256323853719
mutual_information_ksg,sub-pd011_ses-1,sub-pd014_ses-2,sub-pd011,sub-pd014,1,2,off,on,between_condition,off-on,False,laplacian_spectral_distance_signed,graph_distance,False,0.20927741656582982,-0.20927741656582982
mutual_information_ksg,sub-pd011_ses-1,sub-pd015_ses-1,sub-pd011,sub-pd015,1,1,off,off,within_condition,off-off,False,laplacian_spectral_distance_signed,graph_distance,False,0.20284605156195665,-0.20284605156195665
mutual_information_ksg,sub-pd011_ses-1,sub-pd015_ses-2,sub-pd011,sub-pd015,1,2,off,on,between_condition,off-on,False,laplacian_spectral_distance_signed,graph_distance,False,0.2431621930786678,-0.2431621930786678
mutual_information_ksg,sub-pd011_ses-1,sub-pd018_ses-1,sub-pd011,sub-pd018,1,1,off,off,within_condition,off-off,False,laplacian_spectral_distance_signed,graph_distance,False,0.17503305698181257,-0.17503305698181257
mutual_information_ksg,sub-pd011_ses-1,sub-pd018_ses-2,sub-pd011,sub-pd018,1,2,off,on,between_condition,off-on,False,laplacian_spectral_distance_signed,graph_distance,False,0.21813975687398748,-0.21813975687398748
mutual_information_ksg,sub-pd011_ses-1,sub-pd020_ses-1,sub-pd011,sub-pd020,1,1,off,off,within_condition,off-off,False,laplacian_spectral_distance_signed,graph_distance,False,0.21725547448071691,-0.21725547448071691
mutual_information_ksg,sub-pd011_ses-1,sub-pd020_ses-2,sub-pd011,sub-pd020,1,2,off,on,between_condition,off-on,False,laplacian_spectral_distance_signed,graph_distance,False,0.11938113101797236,-0.11938113101797236
mutual_information_ksg,sub-pd011_ses-1,sub-pd023_ses-1,sub-pd011,sub-pd023,1,1,off,off,within_condition,off-off,False,laplacian_spectral_distance_signed,graph_distance,False,0.17724521398075618,-0.17724521398075618
mutual_information_ksg,sub-pd011_ses-1,sub-pd023_ses-2,sub-pd011,sub-pd023,1,2,off,on,between_condition,off-on,False,laplacian_spectral_distance_signed,graph_distance,False,0.19019228890296833,-0.19019228890296833
mutual_information_ksg,sub-pd011_ses-1,sub-pd024_ses-1,sub-pd011,sub-pd024,1,1,off,off,within_condition,off-off,False,laplacian_spectral_distance_signed,graph_distance,False,0.23739394844618977,-0.23739394844618977
mutual_information_ksg,sub-pd011_ses-1,sub-pd024_ses-2,sub-pd011,sub-pd024,1,2,off,on,between_condition,off-on,False,laplacian_spectral_distance_signed,graph_distance,False,0.22216879789894473,-0.22216879789894473
mutual_information_ksg,sub-pd011_ses-1,sub-pd028_ses-1,sub-pd011,sub-pd028,1,1,off,off,within_condition,off-off,False,laplacian_spectral_distance_signed,graph_distance,False,0.3513725131450188,-0.3513725131450188
mutual_information_ksg,sub-pd011_ses-1,sub-pd028_ses-2,sub-pd011,sub-pd028,1,2,off,on,between_condition,off-on,False,laplacian_spectral_distance_signed,graph_distance,False,0.2165513196841832,-0.2165513196841832
mutual_information_ksg,sub-pd011_ses-2,sub-pd012_ses-1,sub-pd011,sub-pd012,2,1,on,off,between_condition,off-on,False,laplacian_spectral_distance_signed,graph_distance,False,0.22024471200233692,-0.22024471200233692
mutual_information_ksg,sub-pd011_ses-2,sub-pd012_ses-2,sub-pd011,sub-pd012,2,2,on,on,within_condition,on-on,False,laplacian_spectral_distance_signed,graph_distance,False,0.1824718296457444,-0.1824718296457444
mutual_information_ksg,sub-pd011_ses-2,sub-pd013_ses-1,sub-pd011,sub-pd013,2,1,on,off,between_condition,off-on,False,laplacian_spectral_distance_signed,graph_distance,False,0.19716888538682623,-0.19716888538682623
mutual_information_ksg,sub-pd011_ses-2,sub-pd013_ses-2,sub-pd011,sub-pd013,2,2,on,on,within_condition,on-on,False,laplacian_spectral_distance_signed,graph_distance,False,0.19381653912978564,-0.19381653912978564
mutual_information_ksg,sub-pd011_ses-2,sub-pd014_ses-1,sub-pd011,sub-pd014,2,1,on,off,between_condition,off-on,False,laplacian_spectral_distance_signed,graph_distance,False,0.25249379655630827,-0.25249379655630827
mutual_information_ksg,sub-pd011_ses-2,sub-pd014_ses-2,sub-pd011,sub-pd014,2,2,on,on,within_condition,on-on,False,laplacian_spectral_distance_signed,graph_distance,False,0.1912872421411396,-0.1912872421411396
mutual_information_ksg,sub-pd011_ses-2,sub-pd015_ses-1,sub-pd011,sub-pd015,2,1,on,off,between_condition,off-on,False,laplacian_spectral_distance_signed,graph_distance,False,0.18073241353466699,-0.18073241353466699
mutual_information_ksg,sub-pd011_ses-2,sub-pd015_ses-2,sub-pd011,sub-pd015,2,2,on,on,within_condition,on-on,False,laplacian_spectral_distance_signed,graph_distance,False,0.21635833357573092,-0.21635833357573092
mutual_information_ksg,sub-pd011_ses-2,sub-pd018_ses-1,sub-pd011,sub-pd018,2,1,on,off,between_condition,off-on,False,laplacian_spectral_distance_signed,graph_distance,False,0.20921669085203065,-0.20921669085203065
mutual_information_ksg,sub-pd011_ses-2,sub-pd018_ses-2,sub-pd011,sub-pd018,2,2,on,on,within_condition,on-on,False,laplacian_spectral_distance_signed,graph_distance,False,0.17195804566322473,-0.17195804566322473
mutual_information_ksg,sub-pd011_ses-2,sub-pd020_ses-1,sub-pd011,sub-pd020,2,1,on,off,between_condition,off-on,False,laplacian_spectral_distance_signed,graph_distance,False,0.21200301433948956,-0.21200301433948956
mutual_information_ksg,sub-pd011_ses-2,sub-pd020_ses-2,sub-pd011,sub-pd020,2,2,on,on,within_condition,on-on,False,laplacian_spectral_distance_signed,graph_distance,False,0.24281053634605412,-0.24281053634605412
mutual_information_ksg,sub-pd011_ses-2,sub-pd023_ses-1,sub-pd011,sub-pd023,2,1,on,off,between_condition,off-on,False,laplacian_spectral_distance_signed,graph_distance,False,0.1865901181454518,-0.1865901181454518
mutual_information_ksg,sub-pd011_ses-2,sub-pd023_ses-2,sub-pd011,sub-pd023,2,2,on,on,within_condition,on-on,False,laplacian_spectral_distance_signed,graph_distance,False,0.2693325564368876,-0.2693325564368876
mutual_information_ksg,sub-pd011_ses-2,sub-pd024_ses-1,sub-pd011,sub-pd024,2,1,on,off,between_condition,off-on,False,laplacian_spectral_distance_signed,graph_distance,False,0.2737440882769311,-0.2737440882769311
mutual_information_ksg,sub-pd011_ses-2,sub-pd024_ses-2,sub-pd011,sub-pd024,2,2,on,on,within_condition,on-on,False,laplacian_spectral_distance_signed,graph_distance,False,0.19761742039221303,-0.19761742039221303
mutual_information_ksg,sub-pd011_ses-2,sub-pd028_ses-1,sub-pd011,sub-pd028,2,1,on,off,between_condition,off-on,False,laplacian_spectral_distance_signed,graph_distance,False,0.2046241585487472,-0.2046241585487472
mutual_information_ksg,sub-pd011_ses-2,sub-pd028_ses-2,sub-pd011,sub-pd028,2,2,on,on,within_condition,on-on,False,laplacian_spectral_distance_signed,graph_distance,False,0.18103921888526672,-0.18103921888526672
mutual_information_ksg,sub-pd012_ses-1,sub-pd012_ses-2,sub-pd012,sub-pd012,1,2,off,on,between_condition,off-on,True,laplacian_spectral_distance_signed,graph_distance,False,0.2223762908208092,-0.2223762908208092
mutual_information_ksg,sub-pd012_ses-1,sub-pd013_ses-1,sub-pd012,sub-pd013,1,1,off,off,within_condition,off-off,False,laplacian_spectral_distance_signed,graph_distance,False,0.12305803948831749,-0.12305803948831749
mutual_information_ksg,sub-pd012_ses-1,sub-pd013_ses-2,sub-pd012,sub-pd013,1,2,off,on,between_condition,off-on,False,laplacian_spectral_distance_signed,graph_distance,False,0.1712099776459289,-0.1712099776459289
mutual_information_ksg,sub-pd012_ses-1,sub-pd014_ses-1,sub-pd012,sub-pd014,1,1,off,off,within_condition,off-off,False,laplacian_spectral_distance_signed,graph_distance,False,0.17933691847448854,-0.17933691847448854
mutual_information_ksg,sub-pd012_ses-1,sub-pd014_ses-2,sub-pd012,sub-pd014,1,2,off,on,between_condition,off-on,False,laplacian_spectral_distance_signed,graph_distance,False,0.15731422781020293,-0.15731422781020293
mutual_information_ksg,sub-pd012_ses-1,sub-pd015_ses-1,sub-pd012,sub-pd015,1,1,off,off,within_condition,off-off,False,laplacian_spectral_distance_signed,graph_distance,False,0.16104702300212406,-0.16104702300212406
mutual_information_ksg,sub-pd012_ses-1,sub-pd015_ses-2,sub-pd012,sub-pd015,1,2,off,on,between_condition,off-on,False,laplacian_spectral_distance_signed,graph_distance,False,0.2129865169642282,-0.2129865169642282
mutual_information_ksg,sub-pd012_ses-1,sub-pd018_ses-1,sub-pd012,sub-pd018,1,1,off,off,within_condition,off-off,False,laplacian_spectral_distance_signed,graph_distance,False,0.17504207071081315,-0.17504207071081315
mutual_information_ksg,sub-pd012_ses-1,sub-pd018_ses-2,sub-pd012,sub-pd018,1,2,off,on,between_condition,off-on,False,laplacian_spectral_distance_signed,graph_distance,False,0.16331829031266887,-0.16331829031266887
mutual_information_ksg,sub-pd012_ses-1,sub-pd020_ses-1,sub-pd012,sub-pd020,1,1,off,off,within_condition,off-off,False,laplacian_spectral_distance_signed,graph_distance,False,0.1658910394409646,-0.1658910394409646
mutual_information_ksg,sub-pd012_ses-1,sub-pd020_ses-2,sub-pd012,sub-pd020,1,2,off,on,between_condition,off-on,False,laplacian_spectral_distance_signed,graph_distance,False,0.20608460975241363,-0.20608460975241363
mutual_information_ksg,sub-pd012_ses-1,sub-pd023_ses-1,sub-pd012,sub-pd023,1,1,off,off,within_condition,off-off,False,laplacian_spectral_distance_signed,graph_distance,False,0.16907979828902925,-0.16907979828902925
mutual_information_ksg,sub-pd012_ses-1,sub-pd023_ses-2,sub-pd012,sub-pd023,1,2,off,on,between_condition,off-on,False,laplacian_spectral_distance_signed,graph_distance,False,0.15569186978226404,-0.15569186978226404
mutual_information_ksg,sub-pd012_ses-1,sub-pd024_ses-1,sub-pd012,sub-pd024,1,1,off,off,within_condition,off-off,False,laplacian_spectral_distance_signed,graph_distance,False,0.19894934381961762,-0.19894934381961762
mutual_information_ksg,sub-pd012_ses-1,sub-pd024_ses-2,sub-pd012,sub-pd024,1,2,off,on,between_condition,off-on,False,laplacian_spectral_distance_signed,graph_distance,False,0.12770426706191518,-0.12770426706191518
mutual_information_ksg,sub-pd012_ses-1,sub-pd028_ses-1,sub-pd012,sub-pd028,1,1,off,off,within_condition,off-off,False,laplacian_spectral_distance_signed,graph_distance,False,0.3236933559133851,-0.3236933559133851
mutual_information_ksg,sub-pd012_ses-1,sub-pd028_ses-2,sub-pd012,sub-pd028,1,2,off,on,between_condition,off-on,False,laplacian_spectral_distance_signed,graph_distance,False,0.16779206083352258,-0.16779206083352258
mutual_information_ksg,sub-pd012_ses-2,sub-pd013_ses-1,sub-pd012,sub-pd013,2,1,on,off,between_condition,off-on,False,laplacian_spectral_distance_signed,graph_distance,False,0.22089130590612885,-0.22089130590612885
mutual_information_ksg,sub-pd012_ses-2,sub-pd013_ses-2,sub-pd012,sub-pd013,2,2,on,on,within_condition,on-on,False,laplacian_spectral_distance_signed,graph_distance,False,0.18608983967436357,-0.18608983967436357
mutual_information_ksg,sub-pd012_ses-2,sub-pd014_ses-1,sub-pd012,sub-pd014,2,1,on,off,between_condition,off-on,False,laplacian_spectral_distance_signed,graph_distance,False,0.22963746808975086,-0.22963746808975086
mutual_information_ksg,sub-pd012_ses-2,sub-pd014_ses-2,sub-pd012,sub-pd014,2,2,on,on,within_condition,on-on,False,laplacian_spectral_distance_signed,graph_distance,False,0.18831547030743204,-0.18831547030743204
mutual_information_ksg,sub-pd012_ses-2,sub-pd015_ses-1,sub-pd012,sub-pd015,2,1,on,off,between_condition,off-on,False,laplacian_spectral_distance_signed,graph_distance,False,0.19964492094868944,-0.19964492094868944
mutual_information_ksg,sub-pd012_ses-2,sub-pd015_ses-2,sub-pd012,sub-pd015,2,2,on,on,within_condition,on-on,False,laplacian_spectral_distance_signed,graph_distance,False,0.2700755201352114,-0.2700755201352114
mutual_information_ksg,sub-pd012_ses-2,sub-pd018_ses-1,sub-pd012,sub-pd018,2,1,on,off,between_condition,off-on,False,laplacian_spectral_distance_signed,graph_distance,False,0.1167288379946561,-0.1167288379946561
mutual_information_ksg,sub-pd012_ses-2,sub-pd018_ses-2,sub-pd012,sub-pd018,2,2,on,on,within_condition,on-on,False,laplacian_spectral_distance_signed,graph_distance,False,0.16603828851059738,-0.16603828851059738
mutual_information_ksg,sub-pd012_ses-2,sub-pd020_ses-1,sub-pd012,sub-pd020,2,1,on,off,between_condition,off-on,False,laplacian_spectral_distance_signed,graph_distance,False,0.23855407199841067,-0.23855407199841067
mutual_information_ksg,sub-pd012_ses-2,sub-pd020_ses-2,sub-pd012,sub-pd020,2,2,on,on,within_condition,on-on,False,laplacian_spectral_distance_signed,graph_distance,False,0.21406732179781385,-0.21406732179781385
mutual_information_ksg,sub-pd012_ses-2,sub-pd023_ses-1,sub-pd012,sub-pd023,2,1,on,off,between_condition,off-on,False,laplacian_spectral_distance_signed,graph_distance,False,0.14717184534403255,-0.14717184534403255
mutual_information_ksg,sub-pd012_ses-2,sub-pd023_ses-2,sub-pd012,sub-pd023,2,2,on,on,within_condition,on-on,False,laplacian_spectral_distance_signed,graph_distance,False,0.26462346117552615,-0.26462346117552615
mutual_information_ksg,sub-pd012_ses-2,sub-pd024_ses-1,sub-pd012,sub-pd024,2,1,on,off,between_condition,off-on,False,laplacian_spectral_distance_signed,graph_distance,False,0.281195394964826,-0.281195394964826
mutual_information_ksg,sub-pd012_ses-2,sub-pd024_ses-2,sub-pd012,sub-pd024,2,2,on,on,within_condition,on-on,False,laplacian_spectral_distance_signed,graph_distance,False,0.19225681554214963,-0.19225681554214963
mutual_information_ksg,sub-pd012_ses-2,sub-pd028_ses-1,sub-pd012,sub-pd028,2,1,on,off,between_condition,off-on,False,laplacian_spectral_distance_signed,graph_distance,False,0.19704703589232025,-0.19704703589232025
mutual_information_ksg,sub-pd012_ses-2,sub-pd028_ses-2,sub-pd012,sub-pd028,2,2,on,on,within_condition,on-on,False,laplacian_spectral_distance_signed,graph_distance,False,0.17320830085074237,-0.17320830085074237
mutual_information_ksg,sub-pd013_ses-1,sub-pd013_ses-2,sub-pd013,sub-pd013,1,2,off,on,between_condition,off-on,True,laplacian_spectral_distance_signed,graph_distance,False,0.200507991146061,-0.200507991146061
mutual_information_ksg,sub-pd013_ses-1,sub-pd014_ses-1,sub-pd013,sub-pd014,1,1,off,off,within_condition,off-off,False,laplacian_spectral_distance_signed,graph_distance,False,0.2233271895468654,-0.2233271895468654
mutual_information_ksg,sub-pd013_ses-1,sub-pd014_ses-2,sub-pd013,sub-pd014,1,2,off,on,between_condition,off-on,False,laplacian_spectral_distance_signed,graph_distance,False,0.1890389174334523,-0.1890389174334523
mutual_information_ksg,sub-pd013_ses-1,sub-pd015_ses-1,sub-pd013,sub-pd015,1,1,off,off,within_condition,off-off,False,laplacian_spectral_distance_signed,graph_distance,False,0.16087851159262886,-0.16087851159262886
mutual_information_ksg,sub-pd013_ses-1,sub-pd015_ses-2,sub-pd013,sub-pd015,1,2,off,on,between_condition,off-on,False,laplacian_spectral_distance_signed,graph_distance,False,0.2279042430794433,-0.2279042430794433
mutual_information_ksg,sub-pd013_ses-1,sub-pd018_ses-1,sub-pd013,sub-pd018,1,1,off,off,within_condition,off-off,False,laplacian_spectral_distance_signed,graph_distance,False,0.19701271929036118,-0.19701271929036118
mutual_information_ksg,sub-pd013_ses-1,sub-pd018_ses-2,sub-pd013,sub-pd018,1,2,off,on,between_condition,off-on,False,laplacian_spectral_distance_signed,graph_distance,False,0.16570706734768378,-0.16570706734768378
mutual_information_ksg,sub-pd013_ses-1,sub-pd020_ses-1,sub-pd013,sub-pd020,1,1,off,off,within_condition,off-off,False,laplacian_spectral_distance_signed,graph_distance,False,0.19520980749017122,-0.19520980749017122
mutual_information_ksg,sub-pd013_ses-1,sub-pd020_ses-2,sub-pd013,sub-pd020,1,2,off,on,between_condition,off-on,False,laplacian_spectral_distance_signed,graph_distance,False,0.23240651132028595,-0.23240651132028595
mutual_information_ksg,sub-pd013_ses-1,sub-pd023_ses-1,sub-pd013,sub-pd023,1,1,off,off,within_condition,off-off,False,laplacian_spectral_distance_signed,graph_distance,False,0.19034881754032704,-0.19034881754032704
mutual_information_ksg,sub-pd013_ses-1,sub-pd023_ses-2,sub-pd013,sub-pd023,1,2,off,on,between_condition,off-on,False,laplacian_spectral_distance_signed,graph_distance,False,0.18681520550977662,-0.18681520550977662
mutual_information_ksg,sub-pd013_ses-1,sub-pd024_ses-1,sub-pd013,sub-pd024,1,1,off,off,within_condition,off-off,False,laplacian_spectral_distance_signed,graph_distance,False,0.23090090609370098,-0.23090090609370098
mutual_information_ksg,sub-pd013_ses-1,sub-pd024_ses-2,sub-pd013,sub-pd024,1,2,off,on,between_condition,off-on,False,laplacian_spectral_distance_signed,graph_distance,False,0.14444708170436224,-0.14444708170436224
mutual_information_ksg,sub-pd013_ses-1,sub-pd028_ses-1,sub-pd013,sub-pd028,1,1,off,off,within_condition,off-off,False,laplacian_spectral_distance_signed,graph_distance,False,0.3069722904792568,-0.3069722904792568
mutual_information_ksg,sub-pd013_ses-1,sub-pd028_ses-2,sub-pd013,sub-pd028,1,2,off,on,between_condition,off-on,False,laplacian_spectral_distance_signed,graph_distance,False,0.13527715943767094,-0.13527715943767094
mutual_information_ksg,sub-pd013_ses-2,sub-pd014_ses-1,sub-pd013,sub-pd014,2,1,on,off,between_condition,off-on,False,laplacian_spectral_distance_signed,graph_distance,False,0.19525603931800997,-0.19525603931800997
mutual_information_ksg,sub-pd013_ses-2,sub-pd014_ses-2,sub-pd013,sub-pd014,2,2,on,on,within_condition,on-on,False,laplacian_spectral_distance_signed,graph_distance,False,0.17338717134460724,-0.17338717134460724
mutual_information_ksg,sub-pd013_ses-2,sub-pd015_ses-1,sub-pd013,sub-pd015,2,1,on,off,between_condition,off-on,False,laplacian_spectral_distance_signed,graph_distance,False,0.154180555360534,-0.154180555360534
mutual_information_ksg,sub-pd013_ses-2,sub-pd015_ses-2,sub-pd013,sub-pd015,2,2,on,on,within_condition,on-on,False,laplacian_spectral_distance_signed,graph_distance,False,0.2337256806244861,-0.2337256806244861
mutual_information_ksg,sub-pd013_ses-2,sub-pd018_ses-1,sub-pd013,sub-pd018,2,1,on,off,between_condition,off-on,False,laplacian_spectral_distance_signed,graph_distance,False,0.17992675011349815,-0.17992675011349815
mutual_information_ksg,sub-pd013_ses-2,sub-pd018_ses-2,sub-pd013,sub-pd018,2,2,on,on,within_condition,on-on,False,laplacian_spectral_distance_signed,graph_distance,False,0.16312912011475106,-0.16312912011475106
mutual_information_ksg,sub-pd013_ses-2,sub-pd020_ses-1,sub-pd013,sub-pd020,2,1,on,off,between_condition,off-on,False,laplacian_spectral_distance_signed,graph_distance,False,0.19318938567651542,-0.19318938567651542
mutual_information_ksg,sub-pd013_ses-2,sub-pd020_ses-2,sub-pd013,sub-pd020,2,2,on,on,within_condition,on-on,False,laplacian_spectral_distance_signed,graph_distance,False,0.2227591053051914,-0.2227591053051914
mutual_information_ksg,sub-pd013_ses-2,sub-pd023_ses-1,sub-pd013,sub-pd023,2,1,on,off,between_condition,off-on,False,laplacian_spectral_distance_signed,graph_distance,False,0.1627900758901656,-0.1627900758901656
mutual_information_ksg,sub-pd013_ses-2,sub-pd023_ses-2,sub-pd013,sub-pd023,2,2,on,on,within_condition,on-on,False,laplacian_spectral_distance_signed,graph_distance,False,0.21916196268412913,-0.21916196268412913
mutual_information_ksg,sub-pd013_ses-2,sub-pd024_ses-1,sub-pd013,sub-pd024,2,1,on,off,between_condition,off-on,False,laplacian_spectral_distance_signed,graph_distance,False,0.25691276331418067,-0.25691276331418067
mutual_information_ksg,sub-pd013_ses-2,sub-pd024_ses-2,sub-pd013,sub-pd024,2,2,on,on,within_condition,on-on,False,laplacian_spectral_distance_signed,graph_distance,False,0.19302084254669288,-0.19302084254669288
mutual_information_ksg,sub-pd013_ses-2,sub-pd028_ses-1,sub-pd013,sub-pd028,2,1,on,off,between_condition,off-on,False,laplacian_spectral_distance_signed,graph_distance,False,0.25401499809357725,-0.25401499809357725
mutual_information_ksg,sub-pd013_ses-2,sub-pd028_ses-2,sub-pd013,sub-pd028,2,2,on,on,within_condition,on-on,False,laplacian_spectral_distance_signed,graph_distance,False,0.15053518073479055,-0.15053518073479055
mutual_information_ksg,sub-pd014_ses-1,sub-pd014_ses-2,sub-pd014,sub-pd014,1,2,off,on,between_condition,off-on,True,laplacian_spectral_distance_signed,graph_distance,False,0.14156211352521705,-0.14156211352521705
mutual_information_ksg,sub-pd014_ses-1,sub-pd015_ses-1,sub-pd014,sub-pd015,1,1,off,off,within_condition,off-off,False,laplacian_spectral_distance_signed,graph_distance,False,0.2057836568684596,-0.2057836568684596
mutual_information_ksg,sub-pd014_ses-1,sub-pd015_ses-2,sub-pd014,sub-pd015,1,2,off,on,between_condition,off-on,False,laplacian_spectral_distance_signed,graph_distance,False,0.20040595923132237,-0.20040595923132237
mutual_information_ksg,sub-pd014_ses-1,sub-pd018_ses-1,sub-pd014,sub-pd018,1,1,off,off,within_condition,off-off,False,laplacian_spectral_distance_signed,graph_distance,False,0.20338666951514722,-0.20338666951514722
mutual_information_ksg,sub-pd014_ses-1,sub-pd018_ses-2,sub-pd014,sub-pd018,1,2,off,on,between_condition,off-on,False,laplacian_spectral_distance_signed,graph_distance,False,0.14632398128006263,-0.14632398128006263
mutual_information_ksg,sub-pd014_ses-1,sub-pd020_ses-1,sub-pd014,sub-pd020,1,1,off,off,within_condition,off-off,False,laplacian_spectral_distance_signed,graph_distance,False,0.16784592660863562,-0.16784592660863562
mutual_information_ksg,sub-pd014_ses-1,sub-pd020_ses-2,sub-pd014,sub-pd020,1,2,off,on,between_condition,off-on,False,laplacian_spectral_distance_signed,graph_distance,False,0.22390648838727958,-0.22390648838727958
mutual_information_ksg,sub-pd014_ses-1,sub-pd023_ses-1,sub-pd014,sub-pd023,1,1,off,off,within_condition,off-off,False,laplacian_spectral_distance_signed,graph_distance,False,0.18878343622377933,-0.18878343622377933
mutual_information_ksg,sub-pd014_ses-1,sub-pd023_ses-2,sub-pd014,sub-pd023,1,2,off,on,between_condition,off-on,False,laplacian_spectral_distance_signed,graph_distance,False,0.15068070627674285,-0.15068070627674285
mutual_information_ksg,sub-pd014_ses-1,sub-pd024_ses-1,sub-pd014,sub-pd024,1,1,off,off,within_condition,off-off,False,laplacian_spectral_distance_signed,graph_distance,False,0.1684273210628345,-0.1684273210628345
mutual_information_ksg,sub-pd014_ses-1,sub-pd024_ses-2,sub-pd014,sub-pd024,1,2,off,on,between_condition,off-on,False,laplacian_spectral_distance_signed,graph_distance,False,0.19277397623798465,-0.19277397623798465
mutual_information_ksg,sub-pd014_ses-1,sub-pd028_ses-1,sub-pd014,sub-pd028,1,1,off,off,within_condition,off-off,False,laplacian_spectral_distance_signed,graph_distance,False,0.3577306846532882,-0.3577306846532882
mutual_information_ksg,sub-pd014_ses-1,sub-pd028_ses-2,sub-pd014,sub-pd028,1,2,off,on,between_condition,off-on,False,laplacian_spectral_distance_signed,graph_distance,False,0.22791363305053952,-0.22791363305053952
mutual_information_ksg,sub-pd014_ses-2,sub-pd015_ses-1,sub-pd014,sub-pd015,2,1,on,off,between_condition,off-on,False,laplacian_spectral_distance_signed,graph_distance,False,0.17674602052723792,-0.17674602052723792
mutual_information_ksg,sub-pd014_ses-2,sub-pd015_ses-2,sub-pd014,sub-pd015,2,2,on,on,within_condition,on-on,False,laplacian_spectral_distance_signed,graph_distance,False,0.19121117250874642,-0.19121117250874642
mutual_information_ksg,sub-pd014_ses-2,sub-pd018_ses-1,sub-pd014,sub-pd018,2,1,on,off,between_condition,off-on,False,laplacian_spectral_distance_signed,graph_distance,False,0.1760596067601054,-0.1760596067601054
mutual_information_ksg,sub-pd014_ses-2,sub-pd018_ses-2,sub-pd014,sub-pd018,2,2,on,on,within_condition,on-on,False,laplacian_spectral_distance_signed,graph_distance,False,0.10214655682346242,-0.10214655682346242
mutual_information_ksg,sub-pd014_ses-2,sub-pd020_ses-1,sub-pd014,sub-pd020,2,1,on,off,between_condition,off-on,False,laplacian_spectral_distance_signed,graph_distance,False,0.17065705902047162,-0.17065705902047162
mutual_information_ksg,sub-pd014_ses-2,sub-pd020_ses-2,sub-pd014,sub-pd020,2,2,on,on,within_condition,on-on,False,laplacian_spectral_distance_signed,graph_distance,False,0.22129221551654138,-0.22129221551654138
mutual_information_ksg,sub-pd014_ses-2,sub-pd023_ses-1,sub-pd014,sub-pd023,2,1,on,off,between_condition,off-on,False,laplacian_spectral_distance_signed,graph_distance,False,0.16237030629635574,-0.16237030629635574
mutual_information_ksg,sub-pd014_ses-2,sub-pd023_ses-2,sub-pd014,sub-pd023,2,2,on,on,within_condition,on-on,False,laplacian_spectral_distance_signed,graph_distance,False,0.18974525462073907,-0.18974525462073907
mutual_information_ksg,sub-pd014_ses-2,sub-pd024_ses-1,sub-pd014,sub-pd024,2,1,on,off,between_condition,off-on,False,laplacian_spectral_distance_signed,graph_distance,False,0.18714278143623325,-0.18714278143623325
mutual_information_ksg,sub-pd014_ses-2,sub-pd024_ses-2,sub-pd014,sub-pd024,2,2,on,on,within_condition,on-on,False,laplacian_spectral_distance_signed,graph_distance,False,0.15697207571443145,-0.15697207571443145
mutual_information_ksg,sub-pd014_ses-2,sub-pd028_ses-1,sub-pd014,sub-pd028,2,1,on,off,between_condition,off-on,False,laplacian_spectral_distance_signed,graph_distance,False,0.31337017076405493,-0.31337017076405493
mutual_information_ksg,sub-pd014_ses-2,sub-pd028_ses-2,sub-pd014,sub-pd028,2,2,on,on,within_condition,on-on,False,laplacian_spectral_distance_signed,graph_distance,False,0.20206954111189154,-0.20206954111189154
mutual_information_ksg,sub-pd015_ses-1,sub-pd015_ses-2,sub-pd015,sub-pd015,1,2,off,on,between_condition,off-on,True,laplacian_spectral_distance_signed,graph_distance,False,0.21990578046911732,-0.21990578046911732
mutual_information_ksg,sub-pd015_ses-1,sub-pd018_ses-1,sub-pd015,sub-pd018,1,1,off,off,within_condition,off-off,False,laplacian_spectral_distance_signed,graph_distance,False,0.1789404163157932,-0.1789404163157932
mutual_information_ksg,sub-pd015_ses-1,sub-pd018_ses-2,sub-pd015,sub-pd018,1,2,off,on,between_condition,off-on,False,laplacian_spectral_distance_signed,graph_distance,False,0.1778097774688861,-0.1778097774688861
mutual_information_ksg,sub-pd015_ses-1,sub-pd020_ses-1,sub-pd015,sub-pd020,1,1,off,off,within_condition,off-off,False,laplacian_spectral_distance_signed,graph_distance,False,0.17674808208330195,-0.17674808208330195
mutual_information_ksg,sub-pd015_ses-1,sub-pd020_ses-2,sub-pd015,sub-pd020,1,2,off,on,between_condition,off-on,False,laplacian_spectral_distance_signed,graph_distance,False,0.1898388175752594,-0.1898388175752594
mutual_information_ksg,sub-pd015_ses-1,sub-pd023_ses-1,sub-pd015,sub-pd023,1,1,off,off,within_condition,off-off,False,laplacian_spectral_distance_signed,graph_distance,False,0.19630242883694748,-0.19630242883694748
mutual_information_ksg,sub-pd015_ses-1,sub-pd023_ses-2,sub-pd015,sub-pd023,1,2,off,on,between_condition,off-on,False,laplacian_spectral_distance_signed,graph_distance,False,0.17275919132090928,-0.17275919132090928
mutual_information_ksg,sub-pd015_ses-1,sub-pd024_ses-1,sub-pd015,sub-pd024,1,1,off,off,within_condition,off-off,False,laplacian_spectral_distance_signed,graph_distance,False,0.20647269581142008,-0.20647269581142008
mutual_information_ksg,sub-pd015_ses-1,sub-pd024_ses-2,sub-pd015,sub-pd024,1,2,off,on,between_condition,off-on,False,laplacian_spectral_distance_signed,graph_distance,False,0.12530549919000855,-0.12530549919000855
mutual_information_ksg,sub-pd015_ses-1,sub-pd028_ses-1,sub-pd015,sub-pd028,1,1,off,off,within_condition,off-off,False,laplacian_spectral_distance_signed,graph_distance,False,0.28530610354025193,-0.28530610354025193
mutual_information_ksg,sub-pd015_ses-1,sub-pd028_ses-2,sub-pd015,sub-pd028,1,2,off,on,between_condition,off-on,False,laplacian_spectral_distance_signed,graph_distance,False,0.1287164375213659,-0.1287164375213659
mutual_information_ksg,sub-pd015_ses-2,sub-pd018_ses-1,sub-pd015,sub-pd018,2,1,on,off,between_condition,off-on,False,laplacian_spectral_distance_signed,graph_distance,False,0.24387229332168614,-0.24387229332168614
mutual_information_ksg,sub-pd015_ses-2,sub-pd018_ses-2,sub-pd015,sub-pd018,2,2,on,on,within_condition,on-on,False,laplacian_spectral_distance_signed,graph_distance,False,0.19984222715685657,-0.19984222715685657
mutual_information_ksg,sub-pd015_ses-2,sub-pd020_ses-1,sub-pd015,sub-pd020,2,1,on,off,between_condition,off-on,False,laplacian_spectral_distance_signed,graph_distance,False,0.13474004195539338,-0.13474004195539338
mutual_information_ksg,sub-pd015_ses-2,sub-pd020_ses-2,sub-pd015,sub-pd020,2,2,on,on,within_condition,on-on,False,laplacian_spectral_distance_signed,graph_distance,False,0.23089873444636305,-0.23089873444636305
mutual_information_ksg,sub-pd015_ses-2,sub-pd023_ses-1,sub-pd015,sub-pd023,2,1,on,off,between_condition,off-on,False,laplacian_spectral_distance_signed,graph_distance,False,0.21939646723316347,-0.21939646723316347
mutual_information_ksg,sub-pd015_ses-2,sub-pd023_ses-2,sub-pd015,sub-pd023,2,2,on,on,within_condition,on-on,False,laplacian_spectral_distance_signed,graph_distance,False,0.2424062435929411,-0.2424062435929411
mutual_information_ksg,sub-pd015_ses-2,sub-pd024_ses-1,sub-pd015,sub-pd024,2,1,on,off,between_condition,off-on,False,laplacian_spectral_distance_signed,graph_distance,False,0.1605318177707463,-0.1605318177707463
mutual_information_ksg,sub-pd015_ses-2,sub-pd024_ses-2,sub-pd015,sub-pd024,2,2,on,on,within_condition,on-on,False,laplacian_spectral_distance_signed,graph_distance,False,0.21922510715861765,-0.21922510715861765
mutual_information_ksg,sub-pd015_ses-2,sub-pd028_ses-1,sub-pd015,sub-pd028,2,1,on,off,between_condition,off-on,False,laplacian_spectral_distance_signed,graph_distance,False,0.3249434894001836,-0.3249434894001836
mutual_information_ksg,sub-pd015_ses-2,sub-pd028_ses-2,sub-pd015,sub-pd028,2,2,on,on,within_condition,on-on,False,laplacian_spectral_distance_signed,graph_distance,False,0.22607322345983724,-0.22607322345983724
mutual_information_ksg,sub-pd018_ses-1,sub-pd018_ses-2,sub-pd018,sub-pd018,1,2,off,on,between_condition,off-on,True,laplacian_spectral_distance_signed,graph_distance,False,0.1568377568442048,-0.1568377568442048
mutual_information_ksg,sub-pd018_ses-1,sub-pd020_ses-1,sub-pd018,sub-pd020,1,1,off,off,within_condition,off-off,False,laplacian_spectral_distance_signed,graph_distance,False,0.22146274602677388,-0.22146274602677388
mutual_information_ksg,sub-pd018_ses-1,sub-pd020_ses-2,sub-pd018,sub-pd020,1,2,off,on,between_condition,off-on,False,laplacian_spectral_distance_signed,graph_distance,False,0.15985024930427982,-0.15985024930427982
mutual_information_ksg,sub-pd018_ses-1,sub-pd023_ses-1,sub-pd018,sub-pd023,1,1,off,off,within_condition,off-off,False,laplacian_spectral_distance_signed,graph_distance,False,0.11145425340626927,-0.11145425340626927
mutual_information_ksg,sub-pd018_ses-1,sub-pd023_ses-2,sub-pd018,sub-pd023,1,2,off,on,between_condition,off-on,False,laplacian_spectral_distance_signed,graph_distance,False,0.22476744227817202,-0.22476744227817202
mutual_information_ksg,sub-pd018_ses-1,sub-pd024_ses-1,sub-pd018,sub-pd024,1,1,off,off,within_condition,off-off,False,laplacian_spectral_distance_signed,graph_distance,False,0.24611711529974623,-0.24611711529974623
mutual_information_ksg,sub-pd018_ses-1,sub-pd024_ses-2,sub-pd018,sub-pd024,1,2,off,on,between_condition,off-on,False,laplacian_spectral_distance_signed,graph_distance,False,0.16858565606000317,-0.16858565606000317
mutual_information_ksg,sub-pd018_ses-1,sub-pd028_ses-1,sub-pd018,sub-pd028,1,1,off,off,within_condition,off-off,False,laplacian_spectral_distance_signed,graph_distance,False,0.2573566536612961,-0.2573566536612961
mutual_information_ksg,sub-pd018_ses-1,sub-pd028_ses-2,sub-pd018,sub-pd028,1,2,off,on,between_condition,off-on,False,laplacian_spectral_distance_signed,graph_distance,False,0.1635659071177699,-0.1635659071177699
mutual_information_ksg,sub-pd018_ses-2,sub-pd020_ses-1,sub-pd018,sub-pd020,2,1,on,off,between_condition,off-on,False,laplacian_spectral_distance_signed,graph_distance,False,0.17952643473426685,-0.17952643473426685
mutual_information_ksg,sub-pd018_ses-2,sub-pd020_ses-2,sub-pd018,sub-pd020,2,2,on,on,within_condition,on-on,False,laplacian_spectral_distance_signed,graph_distance,False,0.2129078828439187,-0.2129078828439187
mutual_information_ksg,sub-pd018_ses-2,sub-pd023_ses-1,sub-pd018,sub-pd023,2,1,on,off,between_condition,off-on,False,laplacian_spectral_distance_signed,graph_distance,False,0.1346715166945352,-0.1346715166945352
mutual_information_ksg,sub-pd018_ses-2,sub-pd023_ses-2,sub-pd018,sub-pd023,2,2,on,on,within_condition,on-on,False,laplacian_spectral_distance_signed,graph_distance,False,0.188994364073683,-0.188994364073683
mutual_information_ksg,sub-pd018_ses-2,sub-pd024_ses-1,sub-pd018,sub-pd024,2,1,on,off,between_condition,off-on,False,laplacian_spectral_distance_signed,graph_distance,False,0.20940004405306845,-0.20940004405306845
mutual_information_ksg,sub-pd018_ses-2,sub-pd024_ses-2,sub-pd018,sub-pd024,2,2,on,on,within_condition,on-on,False,laplacian_spectral_distance_signed,graph_distance,False,0.1576454423102932,-0.1576454423102932
mutual_information_ksg,sub-pd018_ses-2,sub-pd028_ses-1,sub-pd018,sub-pd028,2,1,on,off,between_condition,off-on,False,laplacian_spectral_distance_signed,graph_distance,False,0.2755986480454779,-0.2755986480454779
mutual_information_ksg,sub-pd018_ses-2,sub-pd028_ses-2,sub-pd018,sub-pd028,2,2,on,on,within_condition,on-on,False,laplacian_spectral_distance_signed,graph_distance,False,0.17065236500587772,-0.17065236500587772
mutual_information_ksg,sub-pd020_ses-1,sub-pd020_ses-2,sub-pd020,sub-pd020,1,2,off,on,between_condition,off-on,True,laplacian_spectral_distance_signed,graph_distance,False,0.23097923020876682,-0.23097923020876682
mutual_information_ksg,sub-pd020_ses-1,sub-pd023_ses-1,sub-pd020,sub-pd023,1,1,off,off,within_condition,off-off,False,laplacian_spectral_distance_signed,graph_distance,False,0.20491396559753516,-0.20491396559753516
mutual_information_ksg,sub-pd020_ses-1,sub-pd023_ses-2,sub-pd020,sub-pd023,1,2,off,on,between_condition,off-on,False,laplacian_spectral_distance_signed,graph_distance,False,0.18163942986023643,-0.18163942986023643
mutual_information_ksg,sub-pd020_ses-1,sub-pd024_ses-1,sub-pd020,sub-pd024,1,1,off,off,within_condition,off-off,False,laplacian_spectral_distance_signed,graph_distance,False,0.1490262300750259,-0.1490262300750259
mutual_information_ksg,sub-pd020_ses-1,sub-pd024_ses-2,sub-pd020,sub-pd024,1,2,off,on,between_condition,off-on,False,laplacian_spectral_distance_signed,graph_distance,False,0.17534518060105436,-0.17534518060105436
mutual_information_ksg,sub-pd020_ses-1,sub-pd028_ses-1,sub-pd020,sub-pd028,1,1,off,off,within_condition,off-off,False,laplacian_spectral_distance_signed,graph_distance,False,0.32161834664334277,-0.32161834664334277
mutual_information_ksg,sub-pd020_ses-1,sub-pd028_ses-2,sub-pd020,sub-pd028,1,2,off,on,between_condition,off-on,False,laplacian_spectral_distance_signed,graph_distance,False,0.18310483233959135,-0.18310483233959135
mutual_information_ksg,sub-pd020_ses-2,sub-pd023_ses-1,sub-pd020,sub-pd023,2,1,on,off,between_condition,off-on,False,laplacian_spectral_distance_signed,graph_distance,False,0.18121366761615293,-0.18121366761615293
mutual_information_ksg,sub-pd020_ses-2,sub-pd023_ses-2,sub-pd020,sub-pd023,2,2,on,on,within_condition,on-on,False,laplacian_spectral_distance_signed,graph_distance,False,0.20748413164161794,-0.20748413164161794
mutual_information_ksg,sub-pd020_ses-2,sub-pd024_ses-1,sub-pd020,sub-pd024,2,1,on,off,between_condition,off-on,False,laplacian_spectral_distance_signed,graph_distance,False,0.24077664079504638,-0.24077664079504638
mutual_information_ksg,sub-pd020_ses-2,sub-pd024_ses-2,sub-pd020,sub-pd024,2,2,on,on,within_condition,on-on,False,laplacian_spectral_distance_signed,graph_distance,False,0.218312280255434,-0.218312280255434
mutual_information_ksg,sub-pd020_ses-2,sub-pd028_ses-1,sub-pd020,sub-pd028,2,1,on,off,between_condition,off-on,False,laplacian_spectral_distance_signed,graph_distance,False,0.31277137852488074,-0.31277137852488074
mutual_information_ksg,sub-pd020_ses-2,sub-pd028_ses-2,sub-pd020,sub-pd028,2,2,on,on,within_condition,on-on,False,laplacian_spectral_distance_signed,graph_distance,False,0.20449698312572495,-0.20449698312572495
mutual_information_ksg,sub-pd023_ses-1,sub-pd023_ses-2,sub-pd023,sub-pd023,1,2,off,on,between_condition,off-on,True,laplacian_spectral_distance_signed,graph_distance,False,0.23128621836493415,-0.23128621836493415
mutual_information_ksg,sub-pd023_ses-1,sub-pd024_ses-1,sub-pd023,sub-pd024,1,1,off,off,within_condition,off-off,False,laplacian_spectral_distance_signed,graph_distance,False,0.2445427291100506,-0.2445427291100506
mutual_information_ksg,sub-pd023_ses-1,sub-pd024_ses-2,sub-pd023,sub-pd024,1,2,off,on,between_condition,off-on,False,laplacian_spectral_distance_signed,graph_distance,False,0.18285845653521376,-0.18285845653521376
mutual_information_ksg,sub-pd023_ses-1,sub-pd028_ses-1,sub-pd023,sub-pd028,1,1,off,off,within_condition,off-off,False,laplacian_spectral_distance_signed,graph_distance,False,0.2505411078159746,-0.2505411078159746
mutual_information_ksg,sub-pd023_ses-1,sub-pd028_ses-2,sub-pd023,sub-pd028,1,2,off,on,between_condition,off-on,False,laplacian_spectral_distance_signed,graph_distance,False,0.16948490896403376,-0.16948490896403376
mutual_information_ksg,sub-pd023_ses-2,sub-pd024_ses-1,sub-pd023,sub-pd024,2,1,on,off,between_condition,off-on,False,laplacian_spectral_distance_signed,graph_distance,False,0.16255733081557158,-0.16255733081557158
mutual_information_ksg,sub-pd023_ses-2,sub-pd024_ses-2,sub-pd023,sub-pd024,2,2,on,on,within_condition,on-on,False,laplacian_spectral_distance_signed,graph_distance,False,0.16368167083727755,-0.16368167083727755
mutual_information_ksg,sub-pd023_ses-2,sub-pd028_ses-1,sub-pd023,sub-pd028,2,1,on,off,between_condition,off-on,False,laplacian_spectral_distance_signed,graph_distance,False,0.3918096786012778,-0.3918096786012778
mutual_information_ksg,sub-pd023_ses-2,sub-pd028_ses-2,sub-pd023,sub-pd028,2,2,on,on,within_condition,on-on,False,laplacian_spectral_distance_signed,graph_distance,False,0.19855953368614107,-0.19855953368614107
mutual_information_ksg,sub-pd024_ses-1,sub-pd024_ses-2,sub-pd024,sub-pd024,1,2,off,on,between_condition,off-on,True,laplacian_spectral_distance_signed,graph_distance,False,0.18122899886402283,-0.18122899886402283
mutual_information_ksg,sub-pd024_ses-1,sub-pd028_ses-1,sub-pd024,sub-pd028,1,1,off,off,within_condition,off-off,False,laplacian_spectral_distance_signed,graph_distance,False,0.38857141193591105,-0.38857141193591105
mutual_information_ksg,sub-pd024_ses-1,sub-pd028_ses-2,sub-pd024,sub-pd028,1,2,off,on,between_condition,off-on,False,laplacian_spectral_distance_signed,graph_distance,False,0.2352802686336333,-0.2352802686336333
mutual_information_ksg,sub-pd024_ses-2,sub-pd028_ses-1,sub-pd024,sub-pd028,2,1,on,off,between_condition,off-on,False,laplacian_spectral_distance_signed,graph_distance,False,0.29866918035017026,-0.29866918035017026
mutual_information_ksg,sub-pd024_ses-2,sub-pd028_ses-2,sub-pd024,sub-pd028,2,2,on,on,within_condition,on-on,False,laplacian_spectral_distance_signed,graph_distance,False,0.15367027315137058,-0.15367027315137058
mutual_information_ksg,sub-pd028_ses-1,sub-pd028_ses-2,sub-pd028,sub-pd028,1,2,off,on,between_condition,off-on,True,laplacian_spectral_distance_signed,graph_distance,False,0.25114298685484737,-0.25114298685484737
